buyer_member_id,advertiser_id,campaign_id,imps,cost,revenue,clicks49,13378,39552,12,0.0066,0.012,0259,46,17579,1282932,2832.504992,0,570259,46,17586,45,0.09,0,0259,46,22687,412,18.813905,0,0281,71,23650,13707,16.1156,87357.67823,0281,1710,22637,9,0,0,0281,1710,23002,29,0.42,0.42,0292,222,28620,1,0.00005,0.00005,0300,1735,23090,323,1.752631,3.23,0302,376,17789,567971,614.131211,54,870310,569,18355,10,0.0009,0.01,0310,569,18357,5,0.0004,0.005,1310,569,18367,18,0.0015,0.018,2310,569,18403,11,0.0007,0.011,0310,569,18413,10,0.0006,0.01,0310,569,18481,8,0.0005,0.008,0310,570,18520,17,0.0013,0.017,0310,570,18533,7,0.0005,0.007,0310,570,18538,7,0.0004,0.007,0310,570,18598,11,0.0006,0.011,0310,570,18605,14,0.0011,0.014,0310,570,18632,9,0.0007,0.009,0310,570,18636,20,0.0012,0.02,1310,570,18662,10,0.0007,0.01,0310,571,18685,25,0.0019,0.025,1310,571,18696,10,0.0006,0.01,1310,571,18711,9,0.0005,0.009,0310,571,18716,15,0.0014,0.015,0310,571,18844,19,0.0013,0.019,1310,571,18881,10,0.0007,0.01,1310,571,18883,12,0.0007,0.012,0310,572,18888,13,0.001,0.013,0310,572,18895,10,0.0008,0.01,0310,572,18974,14,0.0009,0.014,0310,572,18983,14,0.0013,0.014,0310,572,19008,10,0.0007,0.01,0310,572,19014,14,0.0011,0.014,0310,572,19071,20,0.0014,0.02,0310,573,19174,9,0.0008,0.009,0310,573,19254,12,0.0007,0.012,1310,573,19261,10,0.0009,0.01,0310,574,19307,14,0.0008,0.014,0310,574,19402,13,0,0,1310,574,19453,15,0.001,0.015,0310,574,19462,20,0.0011,0.02,0310,575,19629,12,0.0009,0.012,0310,575,19647,10,0.0009,0.01,0310,575,19649,10,0.0006,0.01,0310,575,19655,15,0.0009,0.015,0310,575,19662,13,0.0009,0.013,0310,575,19673,15,0.0013,0.015,0310,576,19870,15,0.001,0.015,1310,576,19879,16,0.0008,0.016,1310,577,19892,13,0.0011,0.013,0310,577,19902,15,0.001,0.015,1310,577,19972,8,0.0008,0.008,0310,577,19980,14,0.0009,0.014,0310,577,19984,18,0.001,0.018,0310,577,19990,16,0.0013,0.016,0310,577,20014,13,0.0005,0.013,0310,577,20018,13,0.0009,0.013,0310,578,20135,15,0.0012,0.015,1310,578,20167,16,0.0011,0.016,2310,578,20238,15,0.001,0.015,0324,696,21180,693,0.846399,0.693,0324,1703,22581,19,0.028437,0.031281,0324,1713,22875,2,0.028737,0,0324,1713,34549,3,0.104592,0,0324,1746,23446,88,0.2225,0.44,0324,1746,23450,117,0.295,0.585,0324,1746,23463,68,0.17,0.34,0324,1854,23724,42,0.061942,0,0324,1854,23726,8,0.004,0.006,0324,3202,28475,17221,0,0,0324,3462,30654,461,0.516852,0.5734,0324,3557,30540,46,0.06885,0.046,0326,493,21389,7,0.00035,0,0331,3480,30598,482,0.482,0,0331,3480,31216,1002,161.74259,29,12346,648,20895,4,0.0014,0.002,0360,3034,28080,4498,0,0,0360,3042,28000,6000,0,0,0360,3085,27823,66,0,0,0360,3108,27762,2,0,0,0367,781,21835,4,0.043011,0.047312,0367,2397,25450,5,0.143011,0.157312,0373,3558,30522,2,0.005314,0.004,0405,2475,25414,9,0,0,0405,3651,30821,6,0.00015,0.006,0619,3174,28022,1,0.0005,0.001,0635,3389,30112,254,0.01255,0.254,0648,3355,30138,12,0,0,0648,10446,36988,12,0.012,0,0650,6765,32188,4,0.001172,0.008,1650,6765,32189,5,0.004377,0.01,2650,9855,36410,23,0,0.02323,1716,8957,34959,50216,25.241,0,66724,11227,37924,17911,25.475349,0,0739,7250,32635,2,0.0005,0.002,0739,7496,32863,2,0.000648,0.002,0739,7771,33112,1,0.001681,0.001,0739,7968,33447,1001,0.5005,1.001,0739,8026,33535,1,0.0005,0.001,0739,9541,35713,1,0.0005,0.001,0739,9579,35760,1,0.0005,0.001,0739,9629,35811,1,0.000378,0.001,0739,9663,35848,1,0.002438,0.001,0739,9683,35869,1,0.0005,0.001,0739,9762,35951,1,0.0005,0.001,0739,10413,36955,67,0.0335,0.067,0739,10414,36956,133,0.0665,0.133,0739,10461,37003,133,0.0665,0.133,0739,10465,37007,9340,4.67,9.34,0739,10547,37090,133,0.0665,0.133,0739,10892,37595,198,0.106528,0.198,0739,10908,37611,152,0.076,0.152,0739,10922,37625,200,0.1,0.2,0739,10930,37633,200,0.1,0.2,0739,10989,37699,200,0.1,0.2,0739,11540,38348,10,0.005,0.01,0739,11546,38354,10,0.005,0.01,0739,11548,38356,10,0.005,0.01,0739,11553,38361,10,0.005,0.01,0739,11559,38367,60,0.03,0.06,0739,11691,38455,10,0.005,0.01,0739,11821,38597,10,0.02,0.01,0739,12421,38676,3,0.0015,0.003,0739,12752,39037,2,0.001634,0.002,0739,12849,39124,2,0.0005,0.002,0739,13103,39381,1,0.00341,0.001,0739,13113,39391,4,0.01364,0.004,0739,15677,39857,10,0.01,0.01,0739,15680,39860,10,0.01,0.01,0739,15685,39865,10,0.01,0.01,0739,15704,39885,10,0.01,0.01,0739,15717,39899,10,0.01,0.01,0739,15794,39978,10,0.01,0.01,0739,15806,39990,1,0.001,0.001,0740,7362,32745,2,0.002107,0.002,0740,7422,32810,2,0.000889,0.002,0740,7444,32826,1,0.0005,0.001,0740,7702,33031,1,0.0005,0.001,0740,9080,35223,2,0.0005,0.002,0740,9144,35277,1,0.0005,0.001,0740,9234,35374,1,0.002565,0.001,0740,9686,35872,1,0.002549,0.001,0740,9792,35980,1,0.001075,0.001,0740,12866,39141,2,0.002794,0.002,0740,13114,39392,4,0.01364,0.004,0740,13120,39398,4,0.01364,0.004,0742,11411,38234,6,0,0,0761,6680,31844,1,0.0005,0.001,0768,11761,38564,18,0.009717,0.018,0780,7808,33221,3,0.06,0,0796,8264,33975,4958,4.196099,4.958,0830,15815,44509,4902,0,7,749,22,0,0,0,0,42277,68,0,0,0,0,690281,1710,23116,25,0,0,0283,367,17780,276585,183.986768,0,0289,2399,24779,1,0.094737,0.2,0310,569,18291,11,0.0008,0.011,0310,569,18307,15,0.0012,0.015,0310,569,18379,13,0.0011,0.013,0310,569,18393,16,0.001,0.016,0310,569,18422,18,0.001,0.018,2310,569,18428,15,0.001,0.015,1310,569,18447,16,0.0009,0.016,1310,570,18504,19,0.0017,0.019,1310,570,18524,9,0.0008,0.009,0310,570,18543,7,0.0004,0.007,0310,570,18582,16,0.0012,0.016,0310,570,18592,15,0.0011,0.015,0310,570,18614,11,0.0007,0.011,1310,570,18631,18,0.0012,0.018,0310,570,18646,15,0.0007,0.015,0310,570,18654,13,0.0008,0.013,0310,571,18720,14,0.0009,0.014,0310,571,18766,17,0.001,0.017,2310,571,18767,16,0.0012,0.016,0310,571,18783,14,0.0012,0.014,0310,571,18799,10,0.0006,0.01,0310,571,18809,14,0.001,0.014,0310,572,18985,14,0.001,0.014,0310,572,19003,9,0.0003,0.009,1310,572,19031,16,0.0009,0.016,0310,572,19042,16,0.0011,0.016,0310,572,19061,13,0.0009,0.013,1310,572,19063,11,0.0006,0.011,0310,573,19101,9,0.0006,0.009,0310,573,19108,16,0.0008,0.016,0310,573,19130,17,0.0012,0.017,2310,573,19164,15,0.0013,0.015,1310,573,19268,12,0.0006,0.012,0310,574,19297,13,0,0,0310,574,19298,9,0,0,0310,574,19365,17,0.0011,0.017,0310,574,19386,10,0,0,0310,574,19419,15,0.0011,0.015,1310,574,19431,6,0.0005,0.006,2310,575,19646,10,0.0008,0.01,1310,575,19669,7,0.0005,0.007,0310,576,19868,6,0.0006,0.006,0310,577,19938,17,0.0011,0.017,1310,577,19963,9,0.0006,0.009,0310,578,20101,7,0.0004,0.007,0310,578,20154,9,0.0006,0.009,0310,578,20197,15,0.0009,0.015,2310,578,20221,8,0.0006,0.008,0310,578,20268,15,0.0011,0.015,0324,1713,26210,1,0.005,0.001,0324,1854,23718,19872,4.703939,1,1324,1854,24735,189,0.236882,0,0324,2364,24781,1,0,0,0324,2821,26921,125,0,0.125,5324,3202,38755,142,0,0.142,0324,3245,28931,51079,71.090179,102.158,0324,3557,30541,554,0.296886,0.554,0325,488,24399,4052,60.78,0,0346,649,20949,3,0.009,0.015,0360,2889,27413,3,0,0,0360,3108,28001,6000,0,0,0360,3108,28310,2458,0,0,0360,3108,28384,989,0,0,0367,1708,23190,44,0.473118,0.52043,0367,2791,26829,4,0.043011,0.047312,0405,3651,30887,10,0.0003,0.01,0636,3237,28650,9187,14.448069,9.187,0648,3252,34597,64,0.064,0.32056,0650,6765,32184,11,0.006371,2,2698,6657,31843,17,0,0,3719,5148,32149,50,0,0,0739,7096,32540,1,0.0005,0.001,0739,7280,32667,1,0,0.001,0739,7387,32772,4,0.001619,0.004,0739,7697,33026,1,0,0.001,0739,7722,33051,1,0.0005,0.001,0739,7900,33336,4,0.004,0.004,0739,7921,33367,6,0.003,0.006,0739,7990,33468,5,0.0025,0.005,0739,8118,33722,1,0.0005,0.001,0739,9243,35383,1,0.001101,0.001,0739,10467,37009,157,0.0785,0.157,0739,10927,37630,200,0.1,0.2,0739,11508,38310,100,0.05,0.1,0739,11551,38359,60,0.03,0.06,0739,11592,38399,10,0.010053,0.01,0739,11617,38416,10,0.00851,0.01,0739,11619,38418,10,0.003884,0.01,0739,11714,38509,6030,3.015,6.03,0739,11869,38621,10,0.02,0.01,0739,11884,38635,10,0.005,0.01,0739,12442,38697,73,0.36581,0.073,0739,12479,38740,151,0.0755,0.151,0739,12507,38778,1,0.0005,0.001,0739,12612,38888,1,0.0005,0.001,0739,12702,38990,1,0.0005,0.001,0739,12789,39074,1,0.0005,0.001,0739,12791,39076,1,0.0005,0.001,0739,12859,39134,1,0.0005,0.001,0739,12909,39184,2,0.002319,0.002,0739,12984,39262,2,0.003155,0.002,0739,13042,39320,2,0.001498,0.002,0739,13097,39375,1,0.00341,0.001,0739,13105,39383,1,0.00341,0.001,0739,13173,39500,1000,0.5,1,0739,13260,39516,63,0.0315,0.063,0739,15642,39829,1,0.00341,0.04341,0739,15670,39850,10,0.01,0.01,0740,7717,33045,1,0.0005,0.001,0740,9054,35197,8,0.004467,0.008,0740,9094,35241,8,0.003866,0.008,0740,9532,35702,1,0.000274,0.001,0740,9580,35761,1,0.002553,0.001,0740,9586,35768,1,0.0005,0.001,0740,9644,35828,1,0.0005,0.001,0740,9652,35836,1,0.0005,0.001,0740,12597,38872,1,0.0005,0.001,0740,12623,38900,2,0.003209,0.002,0740,12627,38904,4,0.00313,0.004,0740,12673,38962,1,0.0005,0.001,0740,12780,39065,1,0,0.001,0740,12820,39100,1,0.0005,0.001,0740,12858,39133,1,0.0005,0.001,0740,12945,39218,1,0.0005,0.001,0740,13001,39279,2,0.0005,0.002,0740,13009,39287,2,0.0005,0.002,0740,13087,39365,2,0.0005,0.002,0742,10855,37915,23,0,0,7742,10855,37920,3,0,0,0742,11411,38120,1,0,0,0742,11411,38201,2,0,0,0742,11411,38208,14,0,0,0742,11411,38237,4,0,0,4742,11705,38497,2,0,0,1768,11744,38553,10,0.00599,0.01,0799,8280,34057,205,0,0,0829,9866,36312,5,0.01,0,2830,11228,37898,64867,69.81125,20.637,181838,11474,38490,649,0.064,0.203,749,61,17778,128931,52.269751,0,049,815,22112,22,0.0155,0.066,049,10800,37271,13,0.0065,0.013,0255,42,13,78996,35.278868,0.044,2300,484,18131,368778,1500.264501,1080.718,0310,569,18285,11,0.0007,0.011,1310,569,18474,14,0.0011,0.014,0310,569,18476,9,0.0004,0.009,0310,570,18554,8,0.0004,0.008,0310,570,18574,14,0.0008,0.014,1310,570,18575,25,0.0018,0.025,1310,570,18599,13,0.0009,0.013,1310,570,18606,12,0.0008,0.012,0310,570,18609,11,0.0008,0.011,0310,570,18623,14,0.001,0.014,1310,570,18640,15,0.0009,0.015,0310,570,18666,9,0.0006,0.009,0310,570,18670,15,0.0007,0.015,0310,571,18692,12,0.0003,0.012,0310,571,18693,17,0.001,0.017,0310,571,18732,10,0.0007,0.01,0310,571,18743,17,0.0013,0.017,1310,571,18755,16,0.001,0.016,0310,571,18777,10,0.0009,0.01,0310,571,18781,10,0.0006,0.01,0310,573,19089,12,0.0009,0.012,0310,573,19102,17,0.0008,0.017,0310,573,19103,11,0.001,0.011,0310,573,19113,16,0.0013,0.016,0310,573,19143,13,0.001,0.013,0310,573,19218,8,0.0005,0.008,1310,573,19226,17,0.001,0.017,1310,573,19237,15,0.001,0.015,0310,574,19295,13,0,0,0310,574,19393,11,0,0,0310,574,19420,12,0.001,0.012,0310,574,19425,8,0.0006,0.008,0310,575,19661,16,0.0011,0.016,2310,575,19677,14,0.001,0.014,0310,576,19849,10,0.0006,0.01,2310,577,19901,15,0.0011,0.015,0310,577,19937,18,0.0015,0.018,0310,577,19981,12,0.0005,0.012,0310,577,19995,9,0.0007,0.009,1310,577,20004,14,0.0008,0.014,0310,577,20048,14,0.0009,0.014,0310,577,20076,13,0.0008,0.013,0310,578,20142,13,0.001,0.013,0310,578,20143,9,0.0005,0.009,1310,578,20159,11,0.0009,0.011,0310,578,20210,15,0.0015,0.015,1310,578,20248,14,0.0009,0.014,0324,1713,22873,1,0.014368,0,0324,1746,23486,95,0.24,0.475,0324,1854,23637,2644,1.3259,2.644,0324,1854,23639,11,0.006,0.011,0324,1854,24403,1044,1.308403,1.044,0324,1854,24416,3713,18.565,3.713,0324,3132,36297,16,0.0384,0.048,0324,3202,28474,18199,0,36.398,0325,488,28179,228,1.824,0,0331,818,22923,545,0.292762,45,10331,3249,29222,295,0.26669,0.295,0341,632,20682,126987,40.027935,0,0346,718,24996,51,0.075735,0.0765,0360,3042,27916,32994,0,0,0367,781,22737,23,0.247312,0.272043,0367,1711,23349,8,0.086022,0.094624,0373,809,23651,30,0,0,0373,809,23652,2,0,0,0376,8944,34889,6,0.01053,0.0117,0405,2475,25276,1,0.003496,0.017479,0405,2475,25456,1057,0.540437,93.2238,10405,3651,30895,1,0,0.001,0405,3651,30909,8,0.00018,0.008,1405,3651,33833,6,0.002994,0,0608,2680,25649,597,1.6536,0.597,1648,3252,34595,48,0.048,0.24033,0650,6765,32186,6,0.00228,1,1650,6765,32195,4,0.002586,0.008,1702,3622,30723,10,0,0,0716,13368,39532,519,4950,4950,0739,7242,32627,1,0.000158,0.001,0739,7248,32633,1,0,0.001,0739,7385,32770,2,0.00244,0.002,0739,7405,32797,2,0.0005,0.002,0739,7425,32813,2,0.0005,0.002,0739,7427,32815,2,0.002583,0.002,0739,7875,33300,2,0.0005,0.002,0739,7885,33310,2,0.008,0.012,0739,7932,33379,2,0.001,0.002,0739,7973,33452,1000,0.5,1,0739,9003,35144,8,0.005768,0.008,0739,9011,35150,2,0.001788,0.002,0739,9091,35234,8,0.004645,0.008,0739,9093,35240,8,0.004672,0.008,0739,9123,35258,8,0.002,0.008,0739,9182,35320,1,0.0005,0.001,0739,9545,35717,1,0.001081,0.001,0739,9627,35809,1,0.00208,0.001,0739,9631,35813,1,0.0005,0.001,0739,9651,35835,1,0,0.001,0739,10459,37001,9,0.0045,0.009,0739,10551,37095,140,0.07,0.14,0739,10935,37638,200,0.1,0.2,0739,10946,37649,200,0.1,0.2,0739,10977,37687,200,0.1,0.2,0739,11554,38362,10,0.005,0.01,0739,11561,38369,10,0.005,0.01,0739,11612,38412,10,0.009876,0.01,0739,11615,38414,10,0.007125,0.01,0739,11805,38589,10,0,0.01,0739,11853,38613,10,0.02,0.01,0739,11867,38620,10,0.02,0.01,0739,11886,38637,10,0.005,0.01,0739,12448,38708,601,0.3005,0.601,0739,12451,38711,200,0.1,0.2,0739,12497,38768,1,0.0005,0.001,0739,12594,38869,2,0.003138,0.002,0739,12600,38875,1,0.0005,0.001,0739,12656,38946,8,0.004744,0.008,0739,13014,39292,2,0.000658,0.002,0739,13101,39379,4,0.01364,0.004,0739,13175,39502,1000,0.5,1,0739,13176,39503,10000,5,10,0739,13182,39509,63,0.0315,0.063,0739,15705,39886,10,0.01,0.01,0739,15707,39888,10,0.01,0.01,0739,15715,39897,10,0.01,0.01,0739,15808,39992,10,0.01,0.01,0740,7239,32624,1,0.0005,0.001,0740,7283,32670,1,0.0005,0.001,0740,7312,32699,1,0.0005,0.001,0740,7446,32828,1,0.0005,0.001,0740,7709,33037,1,0.0005,0.001,0740,7774,33115,1,0,0.001,0740,7880,33305,1,0.0005,0.001,0740,8352,34432,1,0.0005,0.001,0740,8372,34453,1,0.0005,0.001,0740,9056,35200,2,0.002129,0.002,0740,9187,35325,1,0,0.001,0740,9252,35393,1,0.001402,0.001,0740,9530,35699,1,0.0005,0.001,0740,12671,38959,1,0.0005,0.001,0740,12729,39016,1,0.0005,0.001,0740,12743,39030,1,0.000922,0.001,0740,12809,39090,2,0.002406,0.002,0740,13041,39319,2,0.0005,0.002,0740,13098,39376,1,0.00341,0.001,0742,10855,37846,1,0,0,0761,6682,31846,2,0.001,0.002,0761,9883,36342,39,0.02535,0.039,0762,6675,31839,1,0.001053,0.001,0762,6683,31847,1,0.0005,0.001,0768,11750,38556,10,0.00992,0.01,0830,9901,36408,1798,0,1.798,431830,11228,37897,195170,172.527,314,2133830,15815,44502,222,0,7,7833,9890,36380,8722,8.722,8.722,5189838,11474,38209,866,0.0393,0.1,0845,11484,38257,668,66.132,0.668,8873,13136,39423,8,0.00408,0.00408,0873,13136,39510,40,0.03901,0.03901,049,2772,26724,10,0.001,0,149,3211,28463,84,0.022,0.084,249,3625,30716,79,0.0395,0.079,049,10846,37440,47,0.03095,0.047,0185,51,17777,62196,2.65372,6219.6,0281,1710,27237,5,0,0,0289,79,17956,973,1.897276,0,0292,222,36293,9062,9.025279,1,1294,364,17765,1702648,3085.456474,0,0300,484,30674,24,0,0,0300,872,22446,191,0.134154,0.191,0310,569,18346,11,0.0006,0.011,0310,569,18377,11,0.0008,0.011,0310,569,18426,11,0.0008,0.011,1310,569,18432,14,0.0006,0.014,0310,569,18456,19,0.0008,0.019,1310,569,18457,15,0.0007,0.015,0310,570,18496,14,0.0013,0.014,2310,570,18519,19,0.0014,0.019,1310,570,18545,15,0.001,0.015,1310,570,18551,13,0.0007,0.013,1310,570,18556,13,0.0011,0.013,1310,570,18591,13,0.0008,0.013,0310,570,18628,14,0.0007,0.014,0310,570,18676,12,0.0009,0.012,0310,571,18689,19,0.0009,0.019,1310,571,18705,15,0.0009,0.015,0310,571,18769,16,0.001,0.016,0310,571,18801,9,0.0003,0.009,0310,571,18820,22,0.0016,0.022,2310,571,18854,9,0.0005,0.009,0310,572,18893,9,0.0008,0.009,0310,572,18924,18,0.0012,0.018,0310,572,18938,18,0.0013,0.018,2310,572,18954,18,0.0008,0.018,1310,572,19064,11,0.0006,0.011,1310,572,19072,11,0.0007,0.011,0310,572,19083,15,0.0012,0.015,0310,573,19109,18,0.0011,0.018,1310,573,19114,15,0.0012,0.015,0310,573,19120,15,0.0009,0.015,0310,573,19148,8,0.0005,0.008,0310,573,19167,15,0.0012,0.015,0310,573,19182,10,0.0008,0.01,0310,573,19211,12,0.001,0.012,2310,573,19245,15,0.0012,0.015,1310,573,19282,17,0.001,0.017,0310,574,19292,11,0,0,0310,574,19354,17,0.0013,0.017,0310,574,19361,11,0.0008,0.011,0310,574,19382,15,0.0011,0.015,0310,575,19671,9,0.0008,0.009,0310,576,19880,12,0.001,0.012,0310,577,19887,10,0.0008,0.01,1310,577,19933,8,0.0006,0.008,1310,577,19941,13,0.001,0.013,1310,577,19953,11,0.0006,0.011,1310,577,19960,11,0.0008,0.011,0310,577,19962,22,0.0016,0.022,1310,577,19998,20,0.0016,0.02,0310,577,20041,22,0.0015,0.022,1310,578,20094,16,0.0009,0.016,0310,578,20098,19,0.0009,0.019,0310,578,20116,10,0.0006,0.01,0310,578,20180,10,0.0007,0.01,0310,578,20194,15,0.0012,0.015,0310,578,20236,10,0.0006,0.01,1324,1713,22742,1,0.001056,0.001,0324,1713,22867,1,0.014368,0,0324,1746,23432,196,0.555,0.98,0324,1746,25587,5,0.025,0.025,0324,2364,24775,1,0.001087,0,0331,500,18008,49758,1337,2674,1337331,3204,28448,3423,2.013808,0,30331,3241,28755,1,0.00113,0,0342,709,21347,1059,1.468519,0,0346,718,23113,2,0.00297,0.003,0360,3042,27450,2,0,0,0360,3099,28435,999,0,0,0360,3108,27773,2,0,0,0360,3185,28569,6000,0,0,0367,781,25519,5,0.143011,0.157312,0367,2397,25508,5,0.143011,0.157312,0367,2667,25579,4,0.043011,0.047312,0373,809,23018,22,0,0.022,0405,3168,27966,14581,11.351742,29.162,0405,3651,30904,8,0.00024,0.008,0622,3233,28623,15,0.0075,0.015,0635,3315,29741,1,0,0,0648,9849,36285,1,0.001,0,0650,6765,32183,25,0.055161,0.05,1651,11194,37878,13,15.745704,35.237112,12716,10571,37127,3,0,0,0724,11227,37888,27487,36.219817,0,0739,7218,32603,1,0.001,0.001,0739,7238,32623,1,0.001796,0.001,0739,7492,32859,2,0.0005,0.002,0739,7519,32883,7,0.003238,0.007,0739,7710,33038,1,0.0005,0.001,0739,7963,33430,1000,0.5,1,0739,7972,33451,1005,0.5025,1.005,0739,7974,33453,1000,0.5,1,0739,7979,33457,2,0.0005,0.002,0739,9089,35232,8,0.00488,0.008,0739,9137,35269,1,0.0005,0.001,0739,9139,35272,1,0.001103,0.001,0739,9173,35312,1,0.0005,0.001,0739,9235,35375,1,0.0005,0.001,0739,9245,35386,1,0,0.001,0739,9559,35733,1,0.001091,0.001,0739,9659,35844,1,0,0.001,0739,9809,35997,1,0.0005,0.001,0739,9817,36005,1,0.0005,0.001,0739,10424,36966,133,0.0665,0.133,0739,10896,37599,200,0.1,0.2,0739,10954,37657,200,0.1,0.2,0739,11500,38294,3,0.0015,0.003,0739,11543,38351,60,0.03,0.06,0739,11573,38385,10,0.005,0.01,0739,11718,38514,5260,2.63,5.26,0739,11851,38612,10,0.015,0.01,0739,11859,38616,10,0,0.01,0739,12427,38681,1,0.0005,0.001,0739,12460,38720,200,0.1,0.2,0739,12481,38742,200,0.1,0.2,0739,12564,38836,1,0.0005,0.001,0739,12660,38950,2,0.001611,0.002,0739,12802,39083,2,0.0005,0.002,0739,12835,39110,1,0.0005,0.001,0739,12837,39112,2,0.002933,0.002,0739,12879,39154,2,0.003423,0.002,0739,12900,39175,2,0.0005,0.002,0739,12982,39260,2,0.00146,0.002,0739,13008,39286,2,0.003097,0.002,0739,13062,39340,2,0.0005,0.002,0739,13174,39501,1000,0.5,1,0739,15576,39713,14,0.007,0.014,0739,15683,39863,10,0.01,0.01,0740,7186,32575,2,0.001761,0.002,0740,7360,32743,2,0.002761,0.002,0740,7416,32804,1,0.0005,0.001,0740,7432,32820,1,0.0005,0.001,0740,7707,33035,1,0.0005,0.001,0740,7768,33109,2,0.0005,0.002,0740,8376,34457,1,0.0005,0.001,0740,9052,35195,2,0.002292,0.002,0740,9132,35263,4,0.003331,0.004,0740,9221,35362,1,0.0005,0.001,0740,9516,35685,1,0,0.001,0740,9528,35697,1,0.0005,0.001,0740,9660,35845,1,0.0005,0.001,0740,9726,35914,1,0.0005,0.001,0740,9784,35972,1,0.002307,0.001,0740,12661,38951,1,0.0005,0.001,0740,12790,39075,1,0.0005,0.001,0740,12904,39178,2,0.0005,0.002,0740,13015,39293,2,0.003067,0.002,0740,13091,39369,2,0.0005,0.002,0742,11411,38459,10,0,0,4768,7755,33092,35,0.048381,0.035,0768,12682,38969,1,0.0005,0.001,0830,15815,44500,4,0,0,0838,11474,38491,774,0.0485,0.139,10839,10412,37056,9,0.03306,0,2259,46,17759,4415,96.119983,0,1292,222,30584,1224,0.37342,0,0292,5158,31695,4,0.001014,0,0300,484,30988,1,0.001037,0,0310,569,18294,14,0.0011,0.014,0310,569,18306,5,0.0002,0.005,0310,569,18315,6,0.0006,0.006,0310,569,18333,15,0.0007,0.015,0310,569,18373,13,0.0007,0.013,0310,569,18405,13,0.0009,0.013,1310,569,18408,12,0.0009,0.012,0310,570,18487,13,0.001,0.013,1310,570,18512,16,0.0014,0.016,0310,570,18559,11,0.0006,0.011,0310,570,18602,10,0.0005,0.01,0310,570,18647,14,0.0007,0.014,1310,571,18734,7,0.0003,0.007,0310,571,18737,13,0.0009,0.013,0310,571,18759,15,0.001,0.015,0310,571,18771,18,0.0015,0.018,0310,571,18821,12,0.0008,0.012,0310,572,18913,14,0.0009,0.014,0310,572,18918,9,0.0006,0.009,1310,572,18939,16,0.0007,0.016,0310,572,18940,12,0.0007,0.012,0310,572,18946,9,0.0008,0.009,0310,572,18948,13,0.0008,0.013,1310,572,19062,11,0.0007,0.011,1310,572,19069,12,0.001,0.012,1310,572,19073,17,0.0013,0.017,0310,572,19075,10,0.0008,0.01,1310,572,19082,18,0.0012,0.018,0310,573,19088,14,0.0008,0.014,2310,573,19166,11,0.0006,0.011,0310,573,19194,17,0.001,0.017,0310,573,19242,241,0.0159,0.241,5310,574,19309,13,0.001,0.013,0310,574,19407,13,0.0007,0.013,0310,574,19414,9,0.0005,0.009,0310,575,19650,15,0.001,0.015,1310,575,19674,19,0.0012,0.019,0310,576,19867,18,0.0012,0.018,1310,577,19896,15,0.0009,0.015,0310,577,19911,15,0.0008,0.015,0310,577,19920,11,0.0007,0.011,1310,577,19973,17,0.0013,0.017,0310,577,19977,14,0.0009,0.014,0310,577,19982,12,0.0005,0.012,0310,577,20030,15,0.001,0.015,1310,577,20039,23,0.0016,0.023,1310,577,20062,10,0.0005,0.01,0310,578,20104,9,0.0008,0.009,0310,578,20122,12,0.0009,0.012,1310,578,20156,9,0.0005,0.009,0310,578,20168,22,0.0014,0.022,1310,578,20182,6,0.0006,0.006,0310,578,20191,16,0.0012,0.016,2310,578,20226,15,0.0008,0.015,0324,1746,23441,220,0.6475,1.1,0324,1746,23468,5,0.0125,0.025,0324,1854,23641,4003,5.00159,4.003,0324,2685,25889,69,0.023812,0,0324,3245,28906,102981,184.298528,205.962,28324,3858,31239,1,0.0001,0,0326,493,17954,247488,928.779587,83,7352331,500,17997,35,0,0,0331,500,22009,258,0.272874,0,0331,787,21901,1,0.0005,0.001,0331,2502,25438,569,10.239,17.07,0331,2502,27811,283,2.640529,2.83,2331,2892,27416,3,0.001474,0.003,0331,2893,27535,1866,67.391875,150,150331,3204,28449,2479,0.768842,0,5331,3269,29486,10423,9.936605,10.423,0331,3269,29491,3011,3.011,3.011,0331,3480,30566,3037,13.581886,13,3331,11481,38250,2747,2.745,2.747,0346,718,23715,3,0.004455,0.0045,0360,3085,27906,32488,0,0,0360,3108,27765,1,0,0,0360,3185,28562,500,0,0,0360,3188,28361,1967,0,0,0360,3248,29526,445,0,0,0367,781,25518,4,0.043011,0.047312,0367,1711,24997,8,0.086022,0.094624,0367,1745,25090,4942,3.7065,4.07715,0405,3651,30979,5,0.00015,0.005,0405,9097,35244,1,0.09999,0,0405,15792,49386,1,0,0,0407,2228,24922,8334,3.25,6.5,13648,10450,36992,10,0.01,0,0650,13370,39534,17,0,0,0691,6936,32383,350590,170.610939,175641.582,0739,7109,32549,1,0.0005,0.001,0739,7185,32574,1,0.0005,0.001,0739,7244,32629,2,0.0005,0.002,0739,7262,32651,1,0,0.001,0739,7266,32655,9,0.0075,0.009,0739,7351,32733,2,0.001086,0.002,0739,7381,32766,2,0.0005,0.002,0739,7431,32819,1,0,0.001,0739,7720,33049,1,0.0005,0.001,0739,7769,33110,2,0.0005,0.002,0739,8061,33669,2,0.002724,0.002,0739,8121,33725,2,0.0005,0.002,0739,9077,35220,8,0.004535,0.008,0739,9079,35222,2,0.0005,0.002,0739,9233,35373,1,0.0005,0.001,0739,10417,36959,134,0.067,0.134,0739,10491,37033,134,0.067,0.134,0739,10947,37650,100,0.05,0.1,0739,10959,37662,215,0.177394,0.215,0739,11008,37717,200,0.1,0.2,0739,11506,38306,100,0.05,0.1,0739,11563,38371,10,0.005,0.01,0739,11594,38400,60,0.028155,0.06,0739,11604,38404,10,0.003692,0.01,0739,11799,38585,10,0,0.01,0739,11829,38601,10,0,0.01,0739,11888,38639,10,0.005,0.01,0739,11890,38641,10,0.005,0.01,0739,12422,38677,1,0.0005,0.001,0739,12447,38707,200,0.1,0.2,0739,12449,38709,200,0.1,0.2,0739,12472,38733,200,0.1,0.2,0739,12511,38782,1,0.0005,0.001,0739,12525,38795,1,0.0005,0.001,0739,12690,38978,2,0.000914,0.002,0739,12728,39015,1,0.0005,0.001,0739,12853,39128,1,0,0.001,0739,12857,39132,2,0.0005,0.002,0739,12960,39232,1,0,0.001,0739,12964,39236,1,0.0005,0.001,0739,12970,39242,1,0.0005,0.001,0739,15663,39845,10,0.01,0.01,0739,15679,39859,10,0.01,0.01,0740,7245,32630,1,0.0005,0.001,0740,7414,32802,1,0.0005,0.001,0740,7440,32822,2,0.0005,0.002,0740,7450,32832,1,0.0005,0.001,0740,7475,32840,2,0.0005,0.002,0740,7520,32884,4,0.002,0.004,0740,7686,33016,1,0.0005,0.001,0740,8380,34461,1,0.0005,0.001,0740,9209,35347,1,0.0005,0.001,0740,9215,35353,5,0.005867,0.005,0740,9730,35918,1,0.002776,0.001,0740,9804,35992,1,0,0.001,0740,9818,36006,1,0.0005,0.001,0740,12715,39003,2,0.000933,0.002,0740,12844,39119,2,0.000967,0.002,0740,13073,39351,2,0.003112,0.002,0740,13102,39380,4,0.01364,0.004,0742,10855,37720,2,0,0,0742,11411,38270,1,0,0,1742,11411,38276,3,0,0,1742,11706,38511,8,0,0,3768,7736,33065,10,0.011939,0.01,0830,11228,38402,8542394,18605.15495,26778,51556851,11231,37925,52,0,0,27918,28540,53336,1,0.000861,0.001435,049,815,22113,22,0.0165,0.066,049,13378,40041,2,0.005,0.01,0281,71,21113,84,0.1344,0.168,1294,364,17761,5922,29.919321,0,0310,569,18316,19,0.0013,0.019,0310,569,18319,16,0.0009,0.016,0310,569,18327,12,0.0009,0.012,1310,569,18337,12,0.0006,0.012,1310,569,18382,17,0.0015,0.017,1310,569,18392,16,0.001,0.016,0310,569,18419,16,0.001,0.016,2310,569,18430,13,0.001,0.013,0310,569,18448,14,0.0008,0.014,0310,569,18479,18,0.0013,0.018,1310,569,18482,18,0.001,0.018,0310,570,18561,15,0.0012,0.015,0310,570,18562,16,0.0009,0.016,0310,570,18567,14,0.0007,0.014,1310,570,18625,11,0.0008,0.011,0310,570,18630,8,0.0006,0.008,1310,570,18645,14,0.0009,0.014,0310,570,18660,11,0.0007,0.011,0310,570,18669,10,0.0007,0.01,1310,571,18684,16,0.0011,0.016,0310,571,18688,12,0.0009,0.012,1310,571,18697,13,0.0008,0.013,1310,571,18706,11,0.0008,0.011,0310,571,18709,9,0.0007,0.009,0310,571,18733,11,0.0007,0.011,0310,571,18760,10,0.0008,0.01,0310,571,18761,14,0.0006,0.014,2310,571,18776,17,0.0009,0.017,0310,571,18802,13,0.0009,0.013,0310,571,18806,12,0.0008,0.012,1310,571,18831,14,0.001,0.014,0310,571,18839,18,0.0014,0.018,0310,571,18862,16,0.0009,0.016,0310,571,18871,12,0.0006,0.012,0310,571,18879,17,0.0011,0.017,0310,572,18927,9,0.0008,0.009,0310,572,18929,14,0.0009,0.014,0310,572,18965,16,0.0009,0.016,1310,572,18988,8,0.0006,0.008,0310,572,18992,21,0.0012,0.021,1310,572,19033,15,0.001,0.015,1310,573,19123,12,0.0011,0.012,0310,573,19176,12,0.001,0.012,1310,573,19200,11,0.0008,0.011,0310,573,19223,14,0.001,0.014,0310,573,19228,18,0.0013,0.018,1310,573,19230,8,0.0006,0.008,1310,573,19277,8,0.0007,0.008,0310,574,19302,13,0,0,0310,574,19348,10,0.0005,0.01,1310,574,19403,11,0,0,0310,574,19405,13,0.0007,0.013,0310,574,19410,19,0.0014,0.019,0310,574,19448,13,0.001,0.013,1310,574,19457,4,0.0004,0.004,0310,575,19633,15,0.0011,0.015,1310,576,19832,10,0.0004,0.01,1310,576,19848,14,0.0011,0.014,0310,576,19852,12,0.0006,0.012,1310,577,19891,16,0.001,0.016,1310,577,19904,9,0.0005,0.009,0310,577,19946,14,0.001,0.014,0310,577,20045,18,0.0011,0.018,0310,577,20049,16,0.0006,0.016,1310,577,20067,11,0.001,0.011,3310,577,20068,8,0.0005,0.008,0310,578,20112,11,0.0009,0.011,1310,578,20166,14,0.0009,0.014,0310,578,20208,9,0.0007,0.009,2310,578,20278,10,0.0007,0.01,0324,690,25423,24,0,0,0324,1713,22852,153,0.75286,0,0324,1713,22856,3155,28.372336,0,0324,1713,26215,1,0.010753,0.001,0324,1856,23654,31,6.508,13.016,8324,3178,29889,100,0.5,1,0324,3246,28953,9748,4.874,0,0324,3557,30478,749,0.0749,0.749,0331,500,18009,62,0,0,0331,2893,27729,331,0.156076,0.331,0331,3269,29489,14879,14.821307,14.879,0360,3034,27850,411,0,0,0360,3108,27770,2,0,0,0360,3184,28359,2447,0,0,0360,3184,28394,7,0,0,0360,3184,28397,10599,0,0,0360,3220,28614,4,0,0,0360,3248,30253,3501,0,0,0367,1745,25093,2,0.026223,0.028845,0367,2441,25070,1811,3.150845,3.465932,0376,8944,34877,14,0.02515,0.037,0405,3651,30824,6,0.00018,0.006,0407,500,22260,6,0,0,0611,2858,27133,9,0,0,1620,3175,28023,4,0.0024,0.0048,0648,3697,30842,7,0.007,0,0648,10449,36991,10,0.01,0,0739,7357,32740,2,0.002844,0.002,0739,7510,32874,6,0.003956,0.006,0739,7683,33013,1,0,0.001,0739,7706,33034,1,0,0.001,0739,7773,33114,2,0.0005,0.002,0739,7977,33455,1001,0.5005,1.001,0739,8059,33667,2,0.008,0.012,0739,9047,35189,2,0.002233,0.002,0739,9075,35218,9,0.00274,0.009,0739,9095,35242,8,0.002522,0.008,0739,9513,35682,1,0.001274,0.001,0739,9805,35993,1,0.0005,0.001,0739,10419,36961,134,0.067,0.134,0739,10428,36970,133,0.0665,0.133,0739,10436,36978,135,0.0675,0.135,0739,10457,36999,469,0.2345,0.469,0739,10501,37043,134,0.067,0.134,0739,10877,37520,100,0.05,0.1,0739,10898,37601,200,0.1,0.2,0739,10984,37694,200,0.1,0.2,0739,11578,38392,10,0.005146,0.01,0739,11781,38576,10,0,0.01,0739,11833,38603,10,0,0.01,0739,11861,38617,10,0,0.01,0739,12551,38822,1,0.0005,0.001,0739,12580,38854,2,0.0005,0.002,0739,12744,39031,2,0.0005,0.002,0739,13109,39387,4,0.01364,0.004,0739,13171,39498,100,0.05,0.1,0739,15551,39686,15,0.0075,0.015,0739,15609,39764,6,0.006,0.006,0739,15676,39856,10,0.01,0.01,0739,15710,39890,10,0.01,0.01,0739,15796,39980,10,0.01,0.01,0740,7275,32662,1,0.0005,0.001,0740,7481,32844,2,0.000664,0.002,0740,7696,33025,1,0.0005,0.001,0740,9082,35225,8,0.008803,0.008,0740,9172,35311,1,0,0.001,0740,9534,35705,1,0.0005,0.001,0740,9550,35722,1,0.00067,0.001,0740,9630,35812,1,0.0005,0.001,0740,9634,35817,1,0,0.001,0740,9724,35912,1,0.0005,0.001,0740,12850,39125,2,0.000876,0.002,0740,12951,39222,2,0.0005,0.002,0740,12983,39261,2,0.0005,0.002,0740,13110,39388,4,0.01364,0.004,0742,10855,37594,1,0,0,0742,11411,38254,1,0,0,0742,11411,38480,6,0,0,1762,6689,31853,1,0.0005,0.001,0768,7712,33039,2,0.002,0.002,0833,9890,36386,4751,918.75,1837.5,1470841,10517,37064,13,0.00013,0,0845,10857,37497,699,3.495,0,049,10800,37265,86,0.043,0.086,0185,62,30916,95,0.132931,0.475,0281,659,21060,27,0.0054,0.27,0294,364,17824,225688,612.346771,0,0310,569,18325,17,0.0011,0.017,1310,569,18331,17,0.0012,0.017,0310,569,18386,17,0.0011,0.017,1310,569,18395,10,0.0006,0.01,0310,569,18423,13,0.001,0.013,0310,569,18458,16,0.0009,0.016,1310,569,18473,10,0.0006,0.01,0310,569,18475,8,0.0004,0.008,0310,570,18527,13,0.0008,0.013,0310,570,18542,14,0.001,0.014,0310,570,18555,17,0.0014,0.017,0310,570,18577,16,0.001,0.016,1310,570,18580,18,0.001,0.018,1310,570,18595,15,0.0011,0.015,0310,570,18644,11,0.001,0.011,1310,571,18701,19,0.0014,0.019,2310,571,18750,10,0.0006,0.01,0310,571,18785,6,0.0003,0.006,0310,571,18819,16,0.0013,0.016,0310,571,18824,10,0.0007,0.01,1310,571,18827,16,0.0009,0.016,0310,571,18840,12,0.0007,0.012,0310,571,18872,19,0.0016,0.019,0310,572,18923,14,0.0012,0.014,1310,572,18997,12,0.001,0.012,0310,572,19038,15,0.0013,0.015,1310,572,19067,14,0.0008,0.014,1310,573,19087,13,0.0011,0.013,0310,573,19099,14,0.0013,0.014,0310,573,19117,21,0.0013,0.021,0310,573,19152,12,0.0008,0.012,0310,573,19159,7,0.0005,0.007,0310,573,19243,8,0.0005,0.008,0310,573,19251,12,0.0007,0.012,0310,573,19269,10,0.0007,0.01,0310,573,19280,12,0.0007,0.012,1310,573,19283,16,0.0012,0.016,0310,574,19291,12,0,0,0310,574,19305,12,0.0007,0.012,0310,574,19308,12,0.0009,0.012,1310,574,19415,11,0.0008,0.011,0310,574,19455,14,0.001,0.014,0310,575,19643,9,0.0005,0.009,1310,576,19847,16,0.0009,0.016,0310,577,19918,14,0.0008,0.014,0310,577,19922,10,0.0006,0.01,0310,577,19967,13,0.0007,0.013,0310,577,20025,15,0.0009,0.015,0310,577,20077,14,0.0009,0.014,0310,578,20100,9,0.0005,0.009,0310,578,20132,12,0.0007,0.012,0